{
    "MotorLand": {
        "LLA0": [41.07823658166217, -0.1978742127345322, 371.42],
        "start_finish_line": [[41.07821383546228, -0.19790438758447365, 370], [41.078385695444325, -0.19771328020151127, 370]]    
    },
    "Torremocha": {
        "LLA0": [40.6011596614269, -1.2670545801838535, 1003.12189],
        "start_finish_line": [[40.93224496413319, 0.8393904257665037, 39], [40.932182146685605, 0.8394796092168395, 39]]
    },
    "TeruelPoligono": {
        "Originales para las que necesitabamos offsets": "[40.37431403504625, -1.1639019413454117, 981]",
        "LLA0": [40.371478, -1.168130, 981],
        "start_finish_line": [[40.37427827525579, -1.1641267112561233, 981], [40.37395087026378, -1.1636519280924669, 981]]
    },
    "Aeropuerto": {
        "LLA0": [40.4187113, -1.2262309, 1019.625],
        "start_finish_line": [[40.37427827525579, -1.1641267112561233, 981], [40.37395087026378, -1.1636519280924669, 981]]
    },
    "SendaViva": {
        "LLA0": [42.1905375, -1.585066, 404.0],
        "start_finish_line": [[40.37427827525579, -1.1641267112561233, 981], [40.37395087026378, -1.1636519280924669, 981]]
    },
    "SendaViva_Parking": {
        "LLA0": [42.1905375, -1.585066, 404.0],
        "start_finish_line": [[40.37427827525579, -1.1641267112561233, 981], [40.37395087026378, -1.1636519280924669, 981]]
    },
    "IrunDemo": {
        "LLA0": [43.34434977199601, -1.7865233572701775, 1.8],
        "start_finish_line": [[40.37427827525579, -1.1641267112561233, 981], [40.37395087026378, -1.1636519280924669, 981]]
    }
}

